Topic,Count,Formatted_Label,Human_Label
-1,15431,Other / Irrelevant / Noise,INVESTIGATION: Mueller Report (Outliers)
0,2660,"mueller, barr, impeachment, letter",INVESTIGATION: Mueller/Barr/Impeachment
1,1623,"ukraine, russia, putin, russian",FOREIGN POLICY: Russia-Ukraine Conflict
2,1487,"voters, electoral, elections, polls",ELECTIONS: Voting & Polls
3,1043,"tax, money, taxes, wealth",ECONOMY: Wealth & Taxes
4,904,"barr, testimony, lied, lying",INVESTIGATION: Barr Testimony & Credibility
5,762,"feminist, gender, sex, female",SOCIAL: Gender & Feminism
6,681,"black, white, race, racism",SOCIAL: Race & Racism
7,664,"candidate, primary, candidates, supporters",ELECTIONS: Primary Candidates
8,653,"internet, social media, social, account",TECH: Social Media & Platforms
9,649,"workers, labor, unions, strike",LABOR: Unions & Wages
10,613,"prison, jail, prisoners, rights",JUSTICE: Prison & Reform
11,604,"gun, police, guns, shooting",JUSTICE: Gun Control & Policing
12,584,"fox, news, fox news, report",MEDIA: Fox News (Report Context)
13,583,"inflation, economy, market, economic",ECONOMY: Inflation & Markets
14,575,"insurance, healthcare, health, medicare",HEALTH: Healthcare Policy
15,574,"fat, dude, dick, job",NOISE: Vitriol & Insults
16,563,"capitalism, socialism, socialist, communism",IDEOLOGY: Capitalism vs Socialism
17,537,"funny, thank, okay, gonna",NOISE: Conversational Filler
18,483,"abortion, birth, baby, health",SOCIAL: Abortion & Reproductive Rights
19,450,"covid, vaccine, pandemic, medical",HEALTH: COVID-19 Pandemic
20,385,"pelosi, warren, impeachment, nancy",POLITICS: Pelosi/Warren Leadership
21,354,"graham, lindsey, traitor, talking",INVESTIGATION: Lindsey Graham Context
22,314,"ban, civil, advocating, violation",NOISE: Subreddit Rules & Bans
23,305,"land, housing, property, rent",ECONOMY: Housing & Real Estate
24,290,"student, debt, college, education",SOCIAL: Student Debt & Education
25,283,"china, chinese, trade, communist",FOREIGN POLICY: China & Trade
26,277,"court, supreme, supreme court, judge",JUSTICE: Supreme Court
27,277,"venezuela, cuba, coup, cuban",FOREIGN POLICY: Latin America
28,276,"lie, lying, lies, liar",POLITICS: Dishonesty & Rhetoric
29,261,"climate, climate change, oil, energy",ENVIRONMENT: Climate Change
30,253,"border, immigration, wall, immigrants",SOCIAL: Immigration & Border
31,240,"libertarians, libertarian, leftist, libertarianism",IDEOLOGY: Libertarianism
32,234,"jewish, peace, war, victor",RELIGION: Jewish Affairs & Geopolitics
33,229,"thank, participating, removed, message",NOISE: Auto-Moderator
34,223,"doj, employee, testify, assault",INVESTIGATION: DOJ & Sexual Assault
35,192,"reagan, presidency, iran, war",HISTORY: Reagan Presidency
36,176,"resign, leaked, firing, letter",INVESTIGATION: Resignations & Leaks
37,170,"canadian, canada, convoy, protests",INTERNATIONAL: Canadian Trucker Convoy
38,134,"infrastructure, transportation, roads, bridge",ECONOMY: Infrastructure
39,131,"nazis, nazi, fascism, fascist",IDEOLOGY: Extremism & Nazism
40,122,"democracy, population, real, abandon",IDEOLOGY: Democratic Systems
41,97,"lawyers, law, lawyer, laws",JUSTICE: Legal Profession
42,95,"letter, phone, author, released",INVESTIGATION: Document Correspondence
43,88,"emails, hillarys, email, graham",POLITICS: Hillary Clinton Emails
44,81,"christian, religious, god, church",SOCIAL: Religion & Christianity
45,80,"florida, gov, governor, covid",POLITICS: Florida & DeSantis COVID
46,57,"fox, fox news, targeted, harassment",MEDIA: Harassment & Fox News
47,56,"india, communist, peoples, army",INTERNATIONAL: India Conflict
48,51,"bitcoin, liberty, currency, peter",ECONOMY: Bitcoin & Crypto
